{
    "mountain": {
        "location": {
            "x": 0.0, 
            "y": -0.91201, 
            "z": 0.210559
        },
        "quaternion_rotation": {
            "w": 0.029091, 
            "x": -0.034449, 
            "y": 0.065337, 
            "z": 0.996844
        }
    },
    "snow": {
        "location": {
            "x": -10.5246, 
            "y": -9.86555, 
            "z": -0.3539
        },
        "quaternion_rotation": {
            "w": 0.707107, 
            "x": 0.000, 
            "y": 0.000, 
            "z": -0.707
        }
    },
    "storage": {
        "location": {

        },
        "quaternion_rotation": {
            
        }
    },
    "beach": {
        "location": {
            "x": 0.33264, 
            "y": 0.66182, 
            "z": 0.007308
        },
        "quaternion_rotation": {
            "w": 0.997, 
            "x": -0.000116, 
            "y": 0.001, 
            "z": 0.076
        }
    },
    "cyber": {
        "location": {
            "x": -0.41552, 
            "y": -0.67729, 
            "z": 0.0
            
        },
        "quaternion_rotation": {
            "w": -0.071, 
            "x": 0.0, 
            "y": 0.0, 
            "z": -0.998
        }
    }
}